model,industry,cov_type,linearity_correlation,linearity_passed,dw_stat,autocorrelation_passed,bp_stat,bp_pvalue,homoskedasticity_passed,max_vif,multicollinearity_passed,adf_stat,adf_pvalue,stationarity_passed,tests_passed,tests_failed,all_tests_passed,vif_MKT,vif_SMB,vif_HML,vif_RMW,vif_CMA
capm,NoDur,HAC,-1.4362837622727681e-16,True,1.8117924299237538,True,0.226934782188559,0.6338060147646785,True,1.0169764639465355,True,-25.128364977383804,0.0,True,True,4,False,1.0000000000000004,,,,
capm,Durbl,HAC,-1.6429091684787246e-16,True,1.9095329843275985,True,17.182316262672572,3.395828018400713e-05,False,1.0169764639465355,True,-7.315442478829507,1.2327891513870561e-10,True,True,4,False,1.0000000000000004,,,,
capm,Manuf,HAC,-7.593253213154564e-16,True,1.95595550644604,True,0.005461092452822003,0.9410905886911076,True,1.0169764639465355,True,-26.01055604102948,0.0,True,True,4,False,1.0000000000000004,,,,
capm,Enrgy,HAC,-6.546182717810331e-17,True,1.873974776991751,True,0.0013643045713502833,0.9705356417766954,True,1.0169764639465355,True,-28.29125387323195,0.0,True,True,4,False,1.0000000000000004,,,,
capm,Chems,HAC,-1.1716215013475408e-16,True,1.9675540292066482,True,0.00028300112430290625,0.9865781105314112,True,1.0169764639465355,True,-27.002024022482882,0.0,True,True,4,False,1.0000000000000004,,,,
capm,BusEq,HAC,-4.2717783155911354e-16,True,2.0421017957854954,True,0.05559533303726627,0.8135982464465544,True,1.0169764639465355,True,-25.863496026363418,0.0,True,True,4,False,1.0000000000000004,,,,
capm,Telcm,HAC,-2.585336757992914e-16,True,1.9458150876491445,True,0.00037802207021653267,0.9844878756290941,True,1.0169764639465355,True,-10.52236268045277,9.609472440670931e-19,True,True,4,False,1.0000000000000004,,,,
capm,Utils,HAC,-4.497437156664046e-17,True,1.9785884585670075,True,3.571142399628352,0.05879185183079491,True,1.0169764639465355,True,-10.535667934157726,8.91475290320055e-19,True,True,4,False,1.0000000000000004,,,,
capm,Shops,HAC,-9.543881698350444e-17,True,1.8129735085743786,True,2.9866240971293374,0.08395502566427485,True,1.0169764639465355,True,-24.60806658419701,0.0,True,True,4,False,1.0000000000000004,,,,
capm,Hlth ,HAC,-6.590887921218687e-17,True,2.0257586311044036,True,3.8690128149241887,0.04918544344391947,False,1.0169764639465355,True,-27.64344662188666,0.0,True,True,4,False,1.0000000000000004,,,,
capm,Money,HAC,4.027317188935319e-17,True,1.8918518454098263,True,1.3302498528199156,0.24876077357835685,True,1.0169764639465355,True,-11.071682070136623,4.5369248994831076e-20,True,True,4,False,1.0000000000000004,,,,
capm,Other,HAC,-9.481005106818047e-16,True,1.828309498493184,True,1.6854200221862352,0.1942058130107502,True,1.0169764639465355,True,-24.859209420436127,0.0,True,True,4,False,1.0000000000000004,,,,
ff3,NoDur,HAC,-9.744875670252081e-16,True,1.7978273440163208,True,6.015384446433689,0.1108641325997462,True,1.1286184198451537,True,-25.128364977383804,0.0,True,True,4,False,1.1286184198451537,1.1062858134766584,1.0521976022372084,,
ff3,Durbl,HAC,-9.618424161671138e-16,True,1.9114053812659684,True,16.30111396652087,0.0009836550091136028,False,1.1286184198451537,True,-7.315442478829507,1.2327891513870561e-10,True,True,4,False,1.1286184198451537,1.1062858134766584,1.0521976022372084,,
ff3,Manuf,HAC,-1.8914461712982815e-15,True,2.0285765846581976,True,3.4668285085897486,0.3250899044512719,True,1.1286184198451537,True,-26.01055604102948,0.0,True,True,4,False,1.1286184198451537,1.1062858134766584,1.0521976022372084,,
ff3,Enrgy,HAC,-6.854968745226894e-16,True,1.8768123890760449,True,6.059528951517502,0.1087496587350185,True,1.1286184198451537,True,-28.29125387323195,0.0,True,True,4,False,1.1286184198451537,1.1062858134766584,1.0521976022372084,,
ff3,Chems,HAC,-9.93848689799412e-16,True,1.969721668627887,True,5.602846059004637,0.13261506425143946,True,1.1286184198451537,True,-27.002024022482882,0.0,True,True,4,False,1.1286184198451537,1.1062858134766584,1.0521976022372084,,
ff3,BusEq,HAC,-4.716110831673128e-16,True,2.0191523692206808,True,1.2978097896175875,0.7296532290670286,True,1.1286184198451537,True,-25.863496026363418,0.0,True,True,4,False,1.1286184198451537,1.1062858134766584,1.0521976022372084,,
ff3,Telcm,HAC,-8.085423917147465e-16,True,1.9717511321618972,True,0.7367597134883301,0.8645254964142259,True,1.1286184198451537,True,-10.52236268045277,9.609472440670931e-19,True,True,4,False,1.1286184198451537,1.1062858134766584,1.0521976022372084,,
ff3,Utils,HAC,-4.4133074553936134e-16,True,2.026787432253317,True,6.734274304942975,0.08086733336210664,True,1.1286184198451537,True,-10.535667934157726,8.91475290320055e-19,True,True,4,False,1.1286184198451537,1.1062858134766584,1.0521976022372084,,
ff3,Shops,HAC,-1.0872241005684265e-15,True,1.825920588811938,True,8.402732797753826,0.038381964602488404,False,1.1286184198451537,True,-24.60806658419701,0.0,True,True,4,False,1.1286184198451537,1.1062858134766584,1.0521976022372084,,
ff3,Hlth ,HAC,-6.262051914668943e-16,True,2.0260019564199085,True,3.9687113188296603,0.2648626235862966,True,1.1286184198451537,True,-27.64344662188666,0.0,True,True,4,False,1.1286184198451537,1.1062858134766584,1.0521976022372084,,
ff3,Money,HAC,-1.5130508514613258e-15,True,1.8788813545281133,True,4.211357500636513,0.2395272412125189,True,1.1286184198451537,True,-11.071682070136623,4.5369248994831076e-20,True,True,4,False,1.1286184198451537,1.1062858134766584,1.0521976022372084,,
ff3,Other,HAC,-2.098754273111175e-15,True,1.8848848994826706,True,19.48254300944052,0.0002172534363513128,False,1.1286184198451537,True,-24.859209420436127,0.0,True,True,4,False,1.1286184198451537,1.1062858134766584,1.0521976022372084,,
ff5,NoDur,HAC,-2.7523752215946133e-15,True,1.960209682110215,True,9.099059164613399,0.1051776578550664,True,2.160237480629213,True,-25.128364977383804,0.0,True,True,4,False,1.2654094280986445,1.2291041776162086,1.9608115092177514,1.2001735891177934,2.160237480629213
ff5,Durbl,HAC,-1.373541747177937e-15,True,1.9012425508539512,True,22.67809473410084,0.0003889048927143896,False,2.160237480629213,True,-7.315442478829507,1.2327891513870561e-10,True,True,4,False,1.2654094280986445,1.2291041776162086,1.9608115092177514,1.2001735891177934,2.160237480629213
ff5,Manuf,HAC,-3.2875269178531617e-15,True,2.049860890829192,True,4.070664293830268,0.5392875783642761,True,2.160237480629213,True,-26.01055604102948,0.0,True,True,4,False,1.2654094280986445,1.2291041776162086,1.9608115092177514,1.2001735891177934,2.160237480629213
ff5,Enrgy,HAC,-2.0693467770914964e-15,True,1.877195125617858,True,6.1239498358635025,0.2943442572861322,True,2.160237480629213,True,-28.29125387323195,0.0,True,True,4,False,1.2654094280986445,1.2291041776162086,1.9608115092177514,1.2001735891177934,2.160237480629213
ff5,Chems,HAC,-2.0711067136255626e-15,True,2.049987010660613,True,27.823349660260273,3.9410041186338076e-05,False,2.160237480629213,True,-27.002024022482882,0.0,True,True,4,False,1.2654094280986445,1.2291041776162086,1.9608115092177514,1.2001735891177934,2.160237480629213
ff5,BusEq,HAC,-1.1920839337932867e-15,True,2.0182253035466604,True,7.327152194157319,0.19742419147458407,True,2.160237480629213,True,-25.863496026363418,0.0,True,True,4,False,1.2654094280986445,1.2291041776162086,1.9608115092177514,1.2001735891177934,2.160237480629213
ff5,Telcm,HAC,-1.6004851605038023e-15,True,2.0217216137526863,True,5.7297124525011265,0.3334136471049923,True,2.160237480629213,True,-10.52236268045277,9.609472440670931e-19,True,True,4,False,1.2654094280986445,1.2291041776162086,1.9608115092177514,1.2001735891177934,2.160237480629213
ff5,Utils,HAC,-2.3502983395264833e-15,True,2.002071786477123,True,6.928121146724973,0.22604115529182925,True,2.160237480629213,True,-10.535667934157726,8.91475290320055e-19,True,True,4,False,1.2654094280986445,1.2291041776162086,1.9608115092177514,1.2001735891177934,2.160237480629213
ff5,Shops,HAC,-1.4695567665516939e-15,True,1.8605374200346445,True,7.577896382668266,0.18108425062855446,True,2.160237480629213,True,-24.60806658419701,0.0,True,True,4,False,1.2654094280986445,1.2291041776162086,1.9608115092177514,1.2001735891177934,2.160237480629213
ff5,Hlth ,HAC,-6.171855544344121e-16,True,2.04277465026422,True,4.238938961767081,0.5155522827284499,True,2.160237480629213,True,-27.64344662188666,0.0,True,True,4,False,1.2654094280986445,1.2291041776162086,1.9608115092177514,1.2001735891177934,2.160237480629213
ff5,Money,HAC,-4.019183566037953e-15,True,1.869926370016619,True,8.870927162157535,0.11432451993100523,True,2.160237480629213,True,-11.071682070136623,4.5369248994831076e-20,True,True,4,False,1.2654094280986445,1.2291041776162086,1.9608115092177514,1.2001735891177934,2.160237480629213
ff5,Other,HAC,-3.1377971198039657e-15,True,1.8819048647825467,True,10.815183419776194,0.05517001673880625,True,2.160237480629213,True,-24.859209420436127,0.0,True,True,4,False,1.2654094280986445,1.2291041776162086,1.9608115092177514,1.2001735891177934,2.160237480629213
