industry,adj_r2_capm,adj_r2_ff3,delta_adj_r2,wald_stat,p_value,Industry
NoDur,0.6715792062902204,0.6858536306368368,0.01427442434661641,5.888269534463657,0.05264759253746076,
Durbl,0.5758992036957683,0.5954340286435972,0.019534824947828877,17.474975069841165,0.00016045652330565208,
Manuf,0.8629433547061599,0.8782651554995446,0.015321800793384743,54.75684286726389,1.2874146193553315e-12,
Enrgy,0.406013157799317,0.46775847092445855,0.06174531312514153,26.71917643078052,1.5776278254886478e-06,
Chems,0.725518106415634,0.7443939356346447,0.018875829219010765,24.844308637655004,4.0283474874724945e-06,
BusEq,0.7439384656672007,0.8126017535085287,0.06866328784132802,73.18296217465695,1.1102230246251565e-16,
Telcm,0.5525141908163358,0.5743628546434392,0.021848663827103376,12.72825966352874,0.0017222394456134493,
Utils,0.33814898762497536,0.4140006039697125,0.07585161634473714,44.71604918492916,1.9499946102286003e-10,
Shops,0.7564950530973379,0.7587269210888765,0.0022318679915386275,1.0174703015398503,0.6012555957348741,
Hlth ,0.5861097692616275,0.6216739492770162,0.03556418001538875,18.620367463333473,9.049791631499104e-05,
Money,0.75959361417187,0.8400507056137636,0.08045709144189361,103.38660993338137,0.0,
Other,0.8757296563200294,0.896923574459403,0.021193918139373547,71.74874836282277,2.220446049250313e-16,
,0.6545402304888731,0.6908371319916519,0.03629690150277878,37.92366996868304,0.054656832360764095,Average
