Industry,Alpha,Alpha_p_value,Alpha_std_err,R_squared,Adj_R_squared,F_statistic,F_pvalue,Durbin_Watson,JB_statistic,JB_pvalue,MKT_coef,MKT_p_value,MKT_std_err,SMB_coef,SMB_p_value,SMB_std_err,HML_coef,HML_p_value,HML_std_err,RMW_coef,RMW_p_value,RMW_std_err,CMA_coef,CMA_p_value,CMA_std_err
NoDur,-0.04069295163511066,0.8207730192074758,0.17961951022176,0.7230384243712356,0.7108909868436581,94.08604869858767,8.423140242226419e-39,2.39371946661314,11.782361142811704,0.0027637120108225176,0.8129336023738596,2.0120690942929638e-79,0.04308068713524864,-0.2923092524763552,0.010052036237293139,0.11356075322884993,-0.2557959948082757,0.0013265744362196416,0.07968305703453789,0.5216245557008882,7.023991621949258e-05,0.13121073517556084,0.484461243081885,0.0002295413394522905,0.1315017253134418
Durbl,-0.28857569527789273,0.3326677252892398,0.2978832247172567,0.7642026742098229,0.7538606862365695,102.66367077756222,1.523697208337414e-40,1.9689232064061495,7.661046368776719,0.021698260468554317,1.2544077112054546,8.794237674551934e-37,0.0990147541986903,0.5267882539465609,9.520482540865811e-05,0.13498743251645678,0.2458042887933588,0.15508008765825518,0.17288069297546974,-0.13118576363212175,0.5869313182839979,0.24146620405462763,0.014087081690789642,0.9597877069333517,0.2793947736322481
Manuf,-0.15558884719038196,0.20342951116780228,0.12233353881563272,0.899067464085834,0.8946405984755637,339.95040345205325,9.713997705175273e-67,2.3759020025158346,3.5702550203794923,0.16777566652913445,1.183634534906911,3.1373670522429544e-200,0.03920526829047194,0.29172484326734016,1.4533673847932338e-06,0.06055469356247276,0.08044748492709858,0.24254090237347492,0.06883741128171258,0.20352543681550947,0.002586159018997897,0.06754744195891249,0.08453871196206784,0.5755275923809416,0.1509810192747683
Enrgy,-0.7279952931361668,0.021601406512378796,0.31689107822344403,0.6970654145687587,0.6837788099445814,53.374763834425536,2.7316576449323346e-28,1.8483439878388832,0.46807516118072906,0.791332076610164,1.0885460811476577,1.341889249950801e-44,0.07769424010634329,0.2875506260747858,0.014449745049393364,0.11756510801375272,0.45882254959510543,0.050275398913084565,0.23437853450279156,-0.08653280677944139,0.7021907716708977,0.22630953317168778,0.48983230872535144,0.11268070189815682,0.30879729599032607
Chems,-0.12189626270488582,0.28914103903861865,0.11499562524711611,0.8159084967456831,0.8078343080064587,84.2659480338549,1.2119717484697001e-36,1.9928007659314804,8.80042933372759,0.0122747046478768,0.9187789357927144,4.745593511222946e-76,0.049784577219222755,-0.09681659538777716,0.2835905715888868,0.09028970815576709,-0.05342510113424828,0.46446548218389094,0.07303363728366791,0.1999719765092312,0.04634438918111504,0.1003752877727062,0.26330199724096665,0.01400975879775322,0.1071634498085065
BusEq,0.10332543298759837,0.4048975124852543,0.12405407301108036,0.8909165414095925,0.8861321791907151,272.4810062383243,1.1796423008049368e-61,2.2732394809101995,1.904661068271221,0.3858407597528169,1.1290259430739291,6.609647622708956e-78,0.06042554435521295,-0.16849434751311249,0.032432042059999375,0.07877083698724943,-0.04714758129535147,0.4400967207920452,0.06106963151905245,0.02208855419122452,0.8736840424409121,0.13893854812914266,-0.6635049106523722,3.824851270129248e-05,0.1611304197580208
Telcm,0.037491764483961715,0.8227276560144914,0.16734548384278083,0.7318210672911474,0.7200588334004083,138.6211511301264,9.451233485086144e-47,1.992138938431465,1.1201543825463092,0.5711649731956678,0.926520439873296,3.1065104761737525e-138,0.03702080314126803,-0.1943731970356563,0.0015567377536557174,0.061434811255424146,-0.27040903384664566,0.010420643297853284,0.10556463923322257,0.2596139863641895,0.013764732255453748,0.10539082672924752,0.9199253028756438,4.107492429674177e-05,0.22429824816981037
Utils,0.26709710605932396,0.09347918057399071,0.15924003803604225,0.28054471806293324,0.2489896618376234,19.741962112145906,3.9513768098730824e-14,2.3574101714154767,3.517812152983539,0.17223317072195019,0.4744657862204201,8.32805432903068e-13,0.06630650362286741,-0.12905343667529037,0.4936413272894481,0.18852887114224245,-0.2675887813491873,0.011624026980899236,0.10604475035316004,0.32140406772475383,0.018789685014804196,0.1367864624917499,0.5943796757994354,0.015399293654434147,0.245322547146392
Shops,0.10712979191281291,0.48322448291768494,0.1527968092678415,0.8343842612231902,0.8271204130312249,118.3609390630965,1.9065920584249046e-43,1.919013844785788,3.8445419062798836,0.14627440234612987,0.94959050599761,8.408705742925672e-65,0.05586282529675847,0.11699987458114366,0.14013511881406904,0.07930646146069746,-0.31705497947767003,1.4374873123872492e-06,0.065782652292637,0.45309331541542325,5.75814354621237e-05,0.1126394763174439,0.23342099884648457,0.02416955168921784,0.10353911806442978
Hlth ,0.20554318761264045,0.3151212211066362,0.20461543132890775,0.7122420134324277,0.6996210491092885,38.39890562071725,6.098311624587293e-23,2.0651086637656513,1.512433417085421,0.46943909655645855,0.8236404307533982,6.813717665196584e-29,0.07383983880725015,0.007290340720824297,0.9442624036032603,0.10427638505749806,-0.5942329498306267,3.110521827908747e-08,0.1073572349960748,-0.4102417547728734,0.008344473536222814,0.15552395730042223,0.361080775993396,0.13532452101894693,0.24177942251549167
Money,0.23512473297715178,0.05165519501286403,0.12082486692820928,0.9212526674410998,0.9177988370657094,608.3532832921137,1.9740136727936293e-80,1.962107540627955,0.7146100572780807,0.6995590796329605,1.0268682717896227,0.0,0.02656685747204798,0.01147941700250725,0.8436521198558912,0.05820492084919821,0.7299373222211187,1.9363148723462736e-11,0.10877140749275536,-0.5331072848433477,4.6355807654506484e-08,0.09755381787697735,-0.4635458172977729,2.850808076780483e-05,0.11076183770273969
Other,-0.12100468434270288,0.22397592807933897,0.09950849910825534,0.931468538709359,0.9284627728632783,365.4708122511603,2.0285278945882555e-68,1.9657808696138723,3.12235959736455,0.2098882991301848,1.045738728916954,2.586475861804422e-248,0.031071808070980183,0.15736034513956193,0.0066396492020039215,0.05797248159061353,0.0331429644191201,0.4623389057122741,0.04509240932348672,0.09524321160692689,0.3377785497215148,0.09936032868134949,0.1585164302546793,0.062400961259880684,0.08506674640310863
Average,-0.04167014318780429,0.338557823117148,0.17167568156236057,0.7668260234625902,0.7565990946670901,186.31407454201397,3.2928140133095173e-15,2.0928740782379913,4.001561634057103,0.30418701680022675,0.9695125810043189,6.940045274192234e-14,0.05498947564303019,0.04317890597037771,0.2308757008038912,0.09545437198501855,-0.021458317648850294,0.15318085091332423,0.10237467152404739,0.07629145785836355,0.21587849906928377,0.13442521830498566,0.20637448321004617,0.15830312170749175,0.17914471698160697
