industry,adj_r2,wald_stat,p_value,Industry
NoDur,0.6715792062902204,292.98389810286216,0.0,
Durbl,0.5758992036957683,273.6645819745972,0.0,
Manuf,0.8629433547061599,1774.1689916971948,0.0,
Enrgy,0.406013157799317,160.94120894669115,0.0,
Chems,0.725518106415634,499.52395075772466,0.0,
BusEq,0.7439384656672007,532.9630716637105,0.0,
Telcm,0.5525141908163358,335.36742643454124,0.0,
Utils,0.33814898762497536,149.40764362709962,0.0,
Shops,0.7564950530973379,787.9105529599698,0.0,
Hlth ,0.5861097692616275,343.56235033355915,0.0,
Money,0.75959361417187,713.58465058924,0.0,
Other,0.8757296563200294,2574.5219631241007,0.0,
,0.6545402304888731,703.2166908509411,0.0,Average
