Industry,Alpha,Alpha_p_value,Alpha_std_err,R_squared,Adj_R_squared,F_statistic,F_pvalue,Durbin_Watson,JB_statistic,JB_pvalue,MKT_coef,MKT_p_value,MKT_std_err
NoDur,0.26699104301918,0.19523197597426445,0.20612996126244043,0.5586109279522324,0.5548703425958954,140.27839512281747,8.365186886454506e-22,2.1192828932737493,7.22077263127448,0.027041398333235527,0.6439452873984303,2.3138520254268707e-32,0.054369279142417855
Durbl,-0.5452738721915171,0.10545379973510588,0.3368030290882924,0.7133556351329391,0.7109264456001674,138.07645451700986,1.3912093642209976e-21,1.9160715121286573,1.374089930148399,0.5030604359659545,1.4195392842316896,7.012434269536434e-32,0.12080574897658963
Manuf,-0.20998212915805947,0.12752620623761768,0.13778988108698706,0.8798452599677491,0.8788269994590012,921.4900539612572,1.3785421017019334e-57,2.4491395971057437,2.3615693599414693,0.30703771770402044,1.2344063492590647,2.0902677947921083e-202,0.04066425507068552
Enrgy,-0.9478982330784211,0.003698665138668505,0.32654843811772066,0.5980927542638852,0.594686760655952,443.9033674263426,8.439382110457368e-42,1.972042141720172,2.7858822300183657,0.24834382172975686,1.1970661879154743,1.5308458174276632e-98,0.05681643031210386
Chems,-0.018393391146120985,0.8800626648548325,0.12189951831672104,0.7952855740644111,0.7935507060480078,436.8000489499252,1.7906841223965531e-41,1.9727720690890818,3.6130163444881336,0.16422658772832943,0.8597068336708502,5.381267843408618e-97,0.041134766813828924
BusEq,0.14589057452116885,0.36105563022966136,0.1597303385178695,0.8270533855732204,0.8255877362984172,943.621046213201,3.972375124642237e-58,2.2407321075980557,1.6643788750224344,0.43509562802590385,1.097076443627518,3.231287001777647e-207,0.0357139659860285
Telcm,0.272751266123749,0.23759865297034244,0.2309474172733377,0.6234241995945864,0.6202328792521676,200.35937516024632,3.407406940760382e-27,1.9679809747606773,0.31961830290020443,0.8523064348925158,0.8019994507112871,1.743446149557939e-45,0.05665904322554074
Utils,0.48534300626085103,0.007507375071093965,0.18154130965661344,0.1897239307327946,0.18285718438307252,55.66456969097785,1.5953519788890085e-11,2.219224311108368,5.173107725584573,0.07527901541274881,0.3662098293272595,8.595352658710807e-14,0.04908407022822391
Shops,0.28711039542634237,0.12992456155612833,0.18958696635130307,0.7825056243442434,0.7806624516691947,210.35602384930917,5.450680245381644e-28,1.830155786447626,2.37621211879447,0.30479798703807787,0.8892543719367665,1.148660798163116e-47,0.06131243050080305
Hlth ,0.2888150928461183,0.1688106937239343,0.2098892996406835,0.6205097515945621,0.6172937325402788,111.12659089768535,1.0352114851888583e-18,2.162916518054986,3.1912082170083735,0.20278598675288698,0.8160674164513275,5.551043101280395e-26,0.07741356044059666
Money,-0.1313259702417819,0.48334265027097345,0.18735787329176062,0.809655928950233,0.8080428436023536,464.91195862518583,9.632626195046571e-43,1.9147033464772856,7.4601962795970875,0.02399048130017243,1.1694343038257013,4.1018184021385975e-103,0.05423635196990732
Other,-0.14660847619217657,0.1745143062443396,0.10797179644548584,0.9197394148879411,0.9190592404378389,2139.8984339349804,1.7742463581443273e-77,1.7815729250482637,13.517716609526364,0.0011605534161274955,1.0713425255273457,0.0,0.023159637826189662
Average,-0.021048391150888968,0.2395605985005802,0.1996829857541013,0.6931501989215665,0.6905497768785289,517.2071931957448,1.329460068860775e-12,2.0455495152343888,4.254814052025363,0.2620938373583108,0.9638373569902262,7.162793882263632e-15,0.05594746170774297
