,MKT,SMB,HML,RF
count,738.0,738.0,738.0,738.0
mean,0.5832926829268292,0.16560975609756098,0.277479674796748,0.3637804878048781
std,4.479786820557395,3.0548442246569,2.994818436176895,0.26349583978400776
min,-23.24,-17.2,-13.88,0.0
25%,-1.97,-1.72,-1.415,0.15
50%,0.97,0.09,0.195,0.38
75%,3.4375,2.0075,1.73,0.4975
max,16.1,21.36,12.8,1.35
skew,-0.49888347317264276,0.4402467980793162,0.08969517026101632,0.6563923117870221
kurtosis,1.7402063613931866,4.675325435235466,2.2586313972809866,0.7412184386834464
