,NoDur,Durbl,Manuf,Enrgy,Chems,BusEq,Telcm,Utils,Shops,Hlth ,Money,Other
count,738.0,738.0,738.0,738.0,738.0,738.0,738.0,738.0,738.0,738.0,738.0,738.0
mean,1.012479674796748,1.0482384823848239,1.005921409214092,1.0172628726287263,0.8877371273712736,1.1052032520325203,0.8123577235772358,0.8361653116531165,1.0770596205962057,1.0451490514905148,0.9974390243902438,0.8725745257452575
std,4.226458137533655,7.3267824631218055,5.350264481148427,6.04461140998303,4.584729227654864,6.342962576453152,4.686334430039934,4.06982453020913,5.143518522788617,4.791790077697152,5.4915354699620105,5.428397879597119
min,-21.02,-33.18,-28.58,-34.47,-24.58,-26.11,-15.56,-12.94,-28.07,-20.45,-22.01,-29.31
25%,-1.3875,-2.9675000000000002,-1.9575,-2.335,-1.8075,-2.605,-1.9,-1.495,-1.9649999999999999,-1.88,-2.1775,-2.175
50%,1.06,0.76,1.335,0.905,1.0550000000000002,1.26,0.965,0.93,1.1150000000000002,1.105,1.255,1.12
75%,3.6500000000000004,4.487500000000001,4.2675,4.3625,3.57,4.9575,3.595,3.37,4.2075,3.9475000000000002,4.3675,4.23
max,18.71,45.52,20.89,32.36,20.19,20.77,22.11,18.8,25.92,29.58,21.01,19.37
skew,-0.28117996305116416,0.6546216121203515,-0.47904771306974026,0.11257211199303956,-0.22133782779522623,-0.24409599498859633,-0.18352796992072848,-0.16434850583306268,-0.1958646419220474,0.03131079160468425,-0.3890743794483794,-0.46904099322866366
kurtosis,2.0012144617338845,5.413577564785879,2.476232005931507,3.760253814682669,1.9803751328103547,1.248696658196692,1.2372298063688274,0.9985787383048312,2.2799042996930505,2.279086696745574,1.6953094479941409,1.9885828574926134
