industry,adj_r2_ff3,adj_r2_ff5,delta_adj_r2,wald_stat,p_value,Industry
NoDur,0.6858536306368366,0.7604607726468727,0.07460714201003615,113.62971599908762,0.0,
Durbl,0.5954340286435971,0.5955244097874521,9.038114385506724e-05,1.4587584885235834,0.48220823072915786,
Manuf,0.8782651554995445,0.8889847878197127,0.010719632320168149,36.07936487347371,1.4637451251076072e-08,
Enrgy,0.46775847092445877,0.4738465885488712,0.006088117624412415,8.14282480881426,0.017053285354401315,
Chems,0.7443939356346447,0.7894244496615412,0.045030514026896507,82.26303974449425,0.0,
BusEq,0.8126017535085286,0.8287015231458645,0.016099769637335948,24.555515247396094,4.654120397629136e-06,
Telcm,0.5743628546434392,0.586155287440274,0.01179243279683484,10.864063883137598,0.0043741986504152175,
Utils,0.4140006039697123,0.4260859335639271,0.012085329594214822,7.177386579634226,0.027634417014867574,
Shops,0.7587269210888765,0.7856694353056123,0.02694251421673577,28.61321939864137,6.119534010640137e-07,
Hlth ,0.6216739492770162,0.6401751065381855,0.0185011572611693,10.123855545639172,0.006333338499208807,
Money,0.8400507056137636,0.8446893945932061,0.004638688979442529,10.5393561984435,0.005145266571796148,
Other,0.8969235744594029,0.902213589262121,0.005290014802718179,5.081389944833929,0.07881160885949334,
,0.6908371319916519,0.71016093985947,0.019323807867818305,28.210707559343277,0.051797135532549186,Average
