model,industry,r2,rmse,r2_delta,rmse_delta
capm,NoDur,0.6672985898404497,2.46561604884495,,
ff3,NoDur,0.6781901007237616,2.4249222985356247,0.010891510883311972,-0.04069375030932543
ff5,NoDur,0.7532678624251022,2.1232981827592967,0.07507776170134062,-0.301624115776328
capm,Durbl,0.5725270885225293,4.860479211888939,,
ff3,Durbl,0.5886800414860941,4.767763253725588,0.01615295296356478,-0.09271595816335143
ff5,Durbl,0.5849470859733266,4.789349428478667,-0.003732955512767533,0.021586174753079668
capm,Manuf,0.8622441102533642,2.014836539413047,,
ff3,Manuf,0.874915264251515,1.9199366008294076,0.012671153998150775,-0.09489993858363932
ff5,Manuf,0.8849871967343069,1.8410171093822087,0.010071932482791923,-0.0789194914471989
capm,Enrgy,0.4020719870854943,4.743213722490838,,
ff3,Enrgy,0.4582372164061085,4.5149487759812645,0.056165229320614185,-0.22826494650957319
ff5,Enrgy,0.4597371496223186,4.508694363814906,0.0014999332162101142,-0.0062544121663581365
capm,Chems,0.7221307930777681,2.450109124921815,,
ff3,Chems,0.7367767238793201,2.384664914804157,0.014645930801552076,-0.06544421011765778
ff5,Chems,0.7784908515695697,2.187565425512025,0.041714127690249514,-0.19709948929213228
capm,BusEq,0.7424890813339653,3.2669992138615296,,
ff3,BusEq,0.8091622921554501,2.812440230546152,0.06667321082148481,-0.4545589833153776
ff5,BusEq,0.8235328210520826,2.7044762838564957,0.014370528896632484,-0.10796394668965625
capm,Telcm,0.5514591086207126,3.1742138541047766,,
ff3,Telcm,0.5680009135310571,3.1151328754630083,0.016541804910344515,-0.05908097864176831
ff5,Telcm,0.5747084496834882,3.0908543409067577,0.006707536152431137,-0.02427853455625062
capm,Utils,0.3292361875274784,3.3736583525242234,,
ff3,Utils,0.3994772984777766,3.1921331802783928,0.07024111095029817,-0.18152517224583065
ff5,Utils,0.4046153391047571,3.178447983199577,0.005138040626980533,-0.013685197078815659
capm,Shops,0.7534120972384456,2.588974293432749,,
ff3,Shops,0.7483583464330787,2.6153698924632196,-0.005053750805366852,0.026395599030470507
ff5,Shops,0.7711088623479896,2.4943439766315074,0.02275051591491084,-0.12102591583171218
capm,Hlth ,0.5780887324507125,3.136986634969422,,
ff3,Hlth ,0.6091864668791027,3.019165384502693,0.031097734428390256,-0.11782125046672931
ff5,Hlth ,0.6180134294602978,2.984875036617362,0.008826962581195086,-0.034290347885330696
capm,Money,0.7571405631236341,2.7436463929803447,,
ff3,Money,0.834177930076788,2.267105925399249,0.07703736695315389,-0.4765404675810956
ff5,Money,0.8354989435976259,2.2580574733554064,0.0013210135208379103,-0.009048452043842747
capm,Other,0.8757471507883641,1.9354745666954274,,
ff3,Other,0.8918740640635654,1.805507224582617,0.016126913275201327,-0.12996734211281047
ff5,Other,0.8939266259822567,1.7882880824321996,0.002052561918691298,-0.01721914215041731
